{"Inventory":{"instanceID":0},"LastLocation":{"x":-6.488529682159424,"y":-1.4347548484802247,"z":47.094581604003909},"CutScenes":-1}