{"Inventory":{"instanceID":0},"LastLocation":{"x":496.6847229003906,"y":179.1032257080078,"z":4.052754878997803}}