{"Inventory":{"instanceID":0},"LastLocation":{"x":-8.463203430175782,"y":-1.4347538948059083,"z":13.970928192138672},"LastSceneName":"InGame","savename":"Save638710663866898375"}