{"Inventory":{"instanceID":0},"LastLocation":{"x":-5.4641032218933109,"y":-1.434752345085144,"z":26.84442138671875},"LastSceneName":"InGame","savename":"Save638710663863310856"}